<?xml version="1.0" encoding="utf-8"?>
<!DOCTYPE hibernate-mapping PUBLIC "-//Hibernate/Hibernate Mapping DTD 3.0//EN"
"http://hibernate.sourceforge.net/hibernate-mapping-3.0.dtd">
<!-- 
    Mapping file autogenerated by MyEclipse Persistence Tools
-->
<hibernate-mapping>
    <class name="com.model.TKecheng" table="t_kecheng">
        <id name="kechengId" type="java.lang.Integer">
            <column name="kecheng_id" />
            <generator class="increment" />
        </id>
        <property name="kechengName" type="java.lang.String">
            <column name="kecheng_name" length="50" />
        </property>
        <property name="kechengMiaoshu" type="java.lang.String">
            <column name="kecheng_miaoshu" length="5000" />
        </property>
        <property name="del" type="java.lang.String">
            <column name="del" length="50" />
        </property>
    </class>
</hibernate-mapping>
