<?xml version="1.0" encoding="utf-8"?>
<!DOCTYPE hibernate-mapping PUBLIC "-//Hibernate/Hibernate Mapping DTD 3.0//EN"
"http://hibernate.sourceforge.net/hibernate-mapping-3.0.dtd">
<!-- 
    Mapping file autogenerated by MyEclipse Persistence Tools
-->
<hibernate-mapping>
    <class name="com.model.TOrganization" table="t_organization">
        <id name="orgId" type="java.lang.Integer">
            <column name="org_id" />
            <generator class="increment" />
        </id>
        <property name="orgName" type="java.lang.String">
            <column name="org_name" length="100" />
        </property>
        <property name="orgSn" type="java.lang.String">
            <column name="org_sn" length="100" />
        </property>
        <property name="orgDescription" type="java.lang.String">
            <column name="org_description" length="100" />
        </property>
        <many-to-one name="parenOrganization" class="com.model.TOrganization" column="p_org_id" cascade="none">
        </many-to-one>
        <set name="childOrganization" table="t_organization" lazy="false" inverse="true" cascade="all">
	        <key column="p_org_id"></key>
	        <one-to-many class="com.model.TOrganization"/>
	    </set>
    </class>
</hibernate-mapping>
