<?xml version="1.0" encoding="utf-8"?>
<!DOCTYPE hibernate-mapping PUBLIC "-//Hibernate/Hibernate Mapping DTD 3.0//EN"
"http://hibernate.sourceforge.net/hibernate-mapping-3.0.dtd">
<!-- 
    Mapping file autogenerated by MyEclipse Persistence Tools
-->
<hibernate-mapping>
    <class name="com.model.TPeixunchengji" table="t_peixunchengji">
        <id name="id" type="java.lang.Integer">
            <column name="id" />
            <generator class="increment" />
        </id>
        <property name="peixunId" type="java.lang.Integer">
            <column name="peixunId" />
        </property>
        <property name="yuangongId" type="java.lang.Integer">
            <column name="yuangongId" />
        </property>
        <property name="chengji" type="java.lang.Integer">
            <column name="chengji" />
        </property>
    </class>
</hibernate-mapping>
