<?xml version="1.0" encoding="utf-8"?>
<!DOCTYPE hibernate-mapping PUBLIC "-//Hibernate/Hibernate Mapping DTD 3.0//EN"
"http://hibernate.sourceforge.net/hibernate-mapping-3.0.dtd">
<!-- 
    Mapping file autogenerated by MyEclipse Persistence Tools
-->
<hibernate-mapping>
    <class name="com.model.TPeixun" table="t_peixun">
        <id name="peixunId" type="java.lang.Integer">
            <column name="peixun_id" />
            <generator class="increment" />
        </id>
        <property name="peixunShijian" type="java.lang.String">
            <column name="peixun_shijian" length="50" />
        </property>
        <property name="peixunDidian" type="java.lang.String">
            <column name="peixun_didian" length="50" />
        </property>
        <property name="peixunNeirong" type="java.lang.String">
            <column name="peixun_neirong" length="5000" />
        </property>
        <property name="kechengId" type="java.lang.Integer">
            <column name="kecheng_id" />
        </property>
        <property name="del" type="java.lang.String">
            <column name="del" length="50" />
        </property>
        <property name="peixunLaoshi" type="java.lang.String">
            <column name="peixun_laoshi" length="50" />
        </property>
    </class>
</hibernate-mapping>
