<?xml version="1.0" encoding="utf-8"?>
<!DOCTYPE hibernate-mapping PUBLIC "-//Hibernate/Hibernate Mapping DTD 3.0//EN"
"http://hibernate.sourceforge.net/hibernate-mapping-3.0.dtd">
<!-- 
    Mapping file autogenerated by MyEclipse Persistence Tools
-->
<hibernate-mapping>
    <class name="com.model.TYuangong" table="t_yuangong">
        <id name="yuangongId" type="java.lang.Integer">
            <column name="yuangong_id" />
            <generator class="increment" />
        </id>
        <property name="yuangongName" type="java.lang.String">
            <column name="yuangong_name" length="50" />
        </property>
        <property name="yuangongSex" type="java.lang.String">
            <column name="yuangong_sex" length="50" />
        </property>
        <property name="yuangongAge" type="java.lang.Integer">
            <column name="yuangong_age"/>
        </property>
        <property name="yuangongXueli" type="java.lang.String">
            <column name="yuangong_xueli" length="50" />
        </property>
        <property name="yuangongZhiwei" type="java.lang.String">
            <column name="yuangong_zhiwei" length="50" />
        </property>
        <property name="yuangongAddress" type="java.lang.String">
            <column name="yuangong_address" length="50" />
        </property>
        <property name="yuangongTel" type="java.lang.String">
            <column name="yuangong_tel" length="50" />
        </property>
        <property name="yuangongEmail" type="java.lang.String">
            <column name="yuangong_email" length="50" />
        </property>
        <property name="yuangongQq" type="java.lang.String">
            <column name="yuangong_qq" length="50" />
        </property>
        <property name="yuangongOrgId" type="java.lang.Integer">
            <column name="yuangong_org_id" length="50" />
        </property>
        <property name="yuangongOrgName" type="java.lang.String">
            <column name="yuangong_org_name" length="50" />
        </property>
        <property name="yuangongOne1" type="java.lang.String">
            <column name="yuangong_one1" length="50" />
        </property>
        <property name="yuangongOne2" type="java.lang.String">
            <column name="yuangong_one2" length="50" />
        </property>
        <property name="yuangongOne3" type="java.lang.String">
            <column name="yuangong_one3" length="50" />
        </property>
        <property name="yuangongOne4" type="java.lang.String">
            <column name="yuangong_one4" length="50" />
        </property>
        <property name="yuangongOne5" type="java.util.Date">
            <column name="yuangong_one5" length="23" />
        </property>
        <property name="yuangongOne6" type="java.util.Date">
            <column name="yuangong_one6" length="23" />
        </property>
        <property name="yuangongOne7" type="java.lang.Integer">
            <column name="yuangong_one7" />
        </property>
        <property name="yuangongOne8" type="java.lang.Integer">
            <column name="yuangong_one8" />
        </property>
    </class>
</hibernate-mapping>
