<?xml version="1.0" encoding="UTF-8"?>
<!DOCTYPE dwr PUBLIC "-//GetAhead Limited//DTD Direct Web Remoting 2.0//EN" "http://getahead.org/dwr/dwr20.dtd">
<dwr>
     <allow>
         <create creator="spring" javascript="loginService">
              <param name="beanName" value="loginService"></param>
         </create>
         <convert converter="bean" match="com.model.TKecheng">
              <param name="include" value="kechengId,kechengName"></param>
         </convert>
         <convert converter="bean" match="com.model.TYuangong">
              <param name="include" value="yuangongId,yuangongName"></param>
         </convert>
     </allow>
</dwr>